{
    "authors": {
        "name": "Rohit Grover",
        "url": "https://os.mbed.com/users/rgrover1/"
    },
    "build": {
        "builder": "MbedLibBuilder"
    },
    "description": "www.freertos.org",
    "examples": [
        "https://os.mbed.com/users/Sergunb/code/Nucleo/",
        "https://os.mbed.com/users/tkatolrnmcu/code/freertos_test/",
        "https://os.mbed.com/users/yukisega/code/FreeRTOS_test/",
        "https://os.mbed.com/users/JoaoJardim/code/freertos_bluetooth/",
        "https://os.mbed.com/teams/teamALI/code/HB2018/",
        "https://os.mbed.com/users/chalikias/code/freertos_test/"
    ],
    "frameworks": "mbed",
    "keywords": [
        "freertos",
        "rtos"
    ],
    "name": "FreeRTOS",
    "platforms": "*",
    "repository": {
        "type": "hg",
        "url": "https://os.mbed.com/users/rgrover1/code/FreeRTOS/"
    },
    "version": "0.0.0+sha.8e57f3e9cc89"
}